"Index","Variant","Region, subregion, country or area *","Notes","Location code","ISO3 Alpha-code","ISO2 Alpha-code","SDMX code**","Type","Parent code","Year","0","1","2","3","4","5","6","7","8","9","10","11","12","13","14","15","16","17","18","19","20","21","22","23","24","25","26","27","28","29","30","31","32","33","34","35","36","37","38","39","40","41","42","43","44","45","46","47","48","49","50","51","52","53","54","55","56","57","58","59","60","61","62","63","64","65","66","67","68","69","70","71","72","73","74","75","76","77","78","79","80","81","82","83","84","85","86","87","88","89","90","91","92","93","94","95","96","97","98","99","100+"
"1","Estimates","World",NA,"900",NA,NA,"1","World","0","1950","100000","85454.117","81366.17","79102.211","77677.264","76699.711","76005.998","75497.582","75100.426","74765.419","74466.104","74190.414","73925.711","73663.044","73394.542","73111.786","72809.082","72483.235","72133.24","71753.791","71339.645","70891.275","70416.691","69924.784","69421.933","68911.694","68398.685","67884.154","67370.955","66859.477","66350.019","65834.526","65309.598","64773.218","64232.713","63690.586","63146.818","62598.021","62038.325","61461.477","60864.146","60242.48","59596.154","58923.085","58226.517","57504.747","56757.905","55985.683","55183.64","54346.937","53464.176","52529.994","51547.411","50504.59","49417.479","48286.059","47115.495","45900.836","44638.813","43323.13","41950.023","40492.877","38968.516","37373.972","35723.833","34041.363","32327.062","30600.307","28853.693","27089.513","25332.146","23568.572","21822.79","20068.602","18335.267","16626.031","14958.929","13341.043","11791.479","10315.888","8932.325","7630.82","6443.072","5352.367","4382.494","3525.798","2791.008","2166.635","1653.279","1237.992","908.613","651.96","456.594","309.967","205.413","132.768","84.024","51.432","30.443","17.483","9.808"
"2","Estimates","World",NA,"900",NA,NA,"1","World","0","1951","100000","85682.154","81789.878","79596.388","78223.943","77292.736","76625.842","76128.17","75741.607","75417.451","75126.377","74857.091","74599.969","74344.953","74083.331","73808.639","73516.393","73203.033","72866.263","72503.113","72109.342","71686.754","71240.369","70779.843","70311.97","69838.162","69362.4","68886.18","68409.016","67930.773","67451.843","66970.627","66480.971","65975.162","65457.813","64933.348","64404.234","63870.263","63328.206","62769.773","62190.524","61586.05","60954.771","60294.935","59612.169","58903.571","58168.404","57405.568","56609.245","55774.948","54896.188","53965.579","52986.565","51950.711","50863.698","49733.785","48562.803","47340.997","46068.457","44735.392","43343.385","41876.71","40331.484","38705.036","37028.262","35307.501","33556.949","31798.453","30010.183","28195.049","26369.555","24537.646","22721.121","20898.35","19107.395","17335.676","15602.088","13923.501","12310.508","10762.711","9314.578","7963.546","6722.835","5587.122","4569.166","3674.28","2904.721","2254.304","1715.039","1281.936","936.233","668.202","467.243","318.94","211.465","137.129","86.834","53.637","32.101","18.622","10.503"
"3","Estimates","World",NA,"900",NA,NA,"1","World","0","1952","100000","86043.423","82343.595","80282.568","78960.32","78067.922","77447.152","76986.21","76620.644","76311.66","76031.727","75771.918","75522.958","75277.151","75027.025","74765.866","74491.213","74199.881","73888.774","73553.801","73194.434","72810.632","72407.481","71989.877","71565.013","71136.267","70707.671","70278.95","69849.371","69416.996","68981.911","68542.919","68097.35","67637.414","67160.312","66668.193","66165.488","65654.926","65136.096","64603.146","64049.37","63469.667","62863.786","62228.007","61565.459","60876.11","60157.693","59410.462","58627.18","57801.794","56929.712","56003.451","55027.386","53998.811","52920.385","51792.493","50623.805","49400.988","48121.731","46773.971","45355.63","43860.699","42299.092","40647.462","38926.31","37164.559","35363.754","33554.372","31723.63","29860.005","27973.6","26068.014","24172.888","22271.202","20398.651","18558.487","16755.503","14996.215","13307.711","11678.385","10136.579","8694.659","7369.973","6146.795","5056.808","4086.728","3250.369","2536.734","1943.532","1462.134","1075.519","773.552","545.953","374.343","251.638","165.043","105.456","65.955","40.311","23.9","13.747"
"4","Estimates","World",NA,"900",NA,NA,"1","World","0","1953","100000","86315.228","82760.573","80767.569","79509.33","78636.562","78003.931","77528.746","77153.203","76840.691","76568.511","76316.62","76074.502","75834.905","75592.391","75340.054","75074.216","74792.582","74492.568","74169.918","73822.329","73450.915","73059.64","72654.513","72242.752","71828.088","71414.627","71002.029","70589.58","70174.225","69754.661","69330.001","68899.126","68457.935","68002.856","67529.192","67039.53","66536.813","66023.466","65496.755","64951.508","64382.289","63787.266","63163.061","62512.358","61834.164","61128.539","60392.16","59619.571","58804.058","57939.404","57017.221","56047.277","55022.238","53951.108","52834.933","51670.639","50456.79","49184.809","47840.585","46418.859","44909.357","43330.232","41674.264","39943.057","38158.866","36339.294","34498.194","32637.221","30751.679","28839.378","26894.927","24950.044","22996.146","21062.524","19161.688","17307.901","15499.786","13760.035","12090.5","10504.087","9005.645","7633.836","6372.385","5237.312","4237.722","3367.966","2625.213","2012.114","1511.66","1113.059","799.979","564.659","388.999","260.012","170.727","109.057","67.956","41.435","24.681","14.272"
"5","Estimates","World",NA,"900",NA,NA,"1","World","0","1954","100000","86574.842","83147.665","81224.419","80004.012","79173.903","78589.137","78155.007","77813.998","77522.462","77258.124","77014.617","76781.373","76549.816","76315.339","76073.606","75819.965","75550.922","75264.199","74957.132","74627.429","74273.527","73900.496","73513.044","73118.944","72721.786","72325.759","71931.297","71537.785","71141.587","70740.546","70333.041","69919.758","69496.225","69063.71","68615.092","68145.995","67657.962","67154.627","66635.907","66101.306","65544.122","64963.82","64354.458","63720.065","63057.525","62365.76","61644.341","60886.012","60085.157","59232.676","58320.098","57355.194","56337.259","55274.286","54167.068","53017.471","51809.658","50546.462","49211.58","47794.213","46285.239","44693.77","43022.922","41289.369","39493.61","37652.382","35790.316","33897.312","31980.905","30044.492","28068.048","26083.135","24073.398","22089.149","20129.838","18220.369","16368.176","14577.574","12847.468","11207.942","9652.754","8213.452","6887.148","5691.522","4623.712","3701.995","2908.521","2241.792","1694.412","1256.356","911.532","647.504","448.302","302.772","200.07","128.968","80.998","49.649","29.788","17.454"
"6","Estimates","World",NA,"900",NA,NA,"1","World","0","1955","100000","86883.369","83588.811","81733.999","80552.399","79744.529","79173.106","78749.401","78414.913","78132.341","77874.684","77633.265","77402.194","77173.261","76940.736","76700.901","76450.818","76186.187","75903.6","75600.341","75274.949","74927.376","74558.942","74175.523","73784.375","73390.868","72998.665","72608.794","72220.669","71831.426","71438.005","71037.289","70629.497","70211.718","69784.566","69346.154","68890.648","68412.735","67912.775","67391.722","66852.129","66292.238","65711.574","65105.101","64473.378","63814.514","63126.161","62404.987","61648.335","60848.64","59997.044","59086.936","58119.49","57095.175","56026.154","54914.858","53762.912","52558.055","51289.132","49950.576","48528.044","47005.379","45398.907","43703.127","41942.738","40135.487","38273.763","36383.938","34462.937","32512.025","30545.173","28550.07","26537.296","24493.083","22462.876","20463.069","18514.603","16618.171","14796.756","13039.305","11369.952","9795.359","8333.778","6982.316","5766.024","4682.119","3737.885","2932.81","2258.109","1705.486","1258.44","910.104","645.295","446.381","300.778","198.201","127.545","80.033","48.958","29.272","17.139"
"7","Estimates","World",NA,"900",NA,NA,"1","World","0","1956","100000","87192.239","84038.537","82249.795","81102.785","80314.225","79754.632","79339.213","79012.823","78736.406","78487.982","78253.938","78026.178","77801.168","77573.15","77336.689","77089.962","76829.333","76551.584","76253.274","75932.537","75590.088","75227.568","74848.363","74459.812","74068.179","73679.14","73293.405","72909.328","72524.552","72136.455","71742.212","71339.909","70926.052","70503.246","70069.688","69623.277","69157.419","68666.668","68149.032","67606.619","67042.429","66458.532","65851.239","65221.536","64565.634","63881.456","63165.495","62412.284","61616.671","60771.033","59864.726","58902.655","57879.263","56805.93","55690.837","54532.931","53325.292","52056.55","50707.532","49278.568","47754.459","46140.795","44429.951","42644.933","40811.906","38940.31","37030.954","35086.236","33110.491","31110.601","29081.878","27048.534","24978.589","22911.127","20862.984","18867.441","16923.198","15054.313","13257.479","11551.517","9936.964","8448.659","7068.573","5822.337","4719.606","3766.117","2941.367","2260.241","1701.946","1253.447","903.496","638.215","439.02","295.39","194.552","124.874","78.185","47.749","28.45","16.597"
"8","Estimates","World",NA,"900",NA,NA,"1","World","0","1957","100000","87399.395","84317.561","82583.037","81462.507","80685.575","80129.259","79714.025","79385.782","79108.947","78860.398","78631.234","78408.027","78182.944","77955.342","77720.376","77474.26","77214.187","76937.823","76641.431","76323.734","75984.697","75627.09","75253.438","74868.145","74478.041","74088.997","73703.833","73321.46","72939.143","72554.351","72163.256","71765.055","71355.227","70935.807","70504.819","70061.646","69604.097","69123.331","68612.946","68072.208","67503.762","66914.413","66301.834","65669.987","65015.573","64331.951","63619.211","62868.513","62074.346","61228.331","60322.67","59358.744","58334.162","57257.698","56133.363","54967.382","53753.116","52480.259","51133.884","49695.902","48163.292","46544.12","44823.703","43025.443","41163.374","39262.446","37337.914","35368.533","33367.443","31343.628","29281.526","27221.642","25145.505","23073.884","21020.986","19004.452","17057.144","15182.998","13376.87","11673.033","10061.544","8574.573","7198.52","5943.699","4829.865","3859.555","3033.299","2331.984","1765.203","1304.452","941.68","667.241","461.101","311.181","205.115","131.948","82.842","50.703","30.233","17.587"
"9","Estimates","World",NA,"900",NA,NA,"1","World","0","1958","100000","87644.68","84674.17","82993.311","81908.741","81151.686","80602.802","80187.557","79857.648","79578.298","79330.174","79103.156","78886.795","78668.42","78442.959","78210.718","77967.719","77710.395","77437.014","77143.384","76828.719","76492.802","76138.159","75768.859","75388.234","75000.837","74612.107","74227.103","73846.02","73465.663","73083.729","72696.433","72302.211","71898.059","71483.205","71056.401","70616.705","70162.937","69693.831","69196.516","68666.939","68103.218","67512.199","66896.433","66263.331","65610.602","64934.241","64228.72","63488.622","62704.02","61867.246","60970.428","60017.723","59002.905","57936.152","56821.276","55665.164","54458.149","53194.834","51860.133","50442.469","48923.097","47318.921","45617.686","43830.145","41974.76","40071.379","38142.206","36178.76","34177.636","32148.572","30086.198","28010.088","25918.958","23839.418","21768.929","19729.358","17737.248","15823.893","13976.192","12223.128","10561.532","9024.388","7590.611","6299.281","5135.516","4120.992","3251.454","2519.353","1911.378","1422.981","1035.149","738.419","511.451","346.239","229.204","148.359","93.705","57.771","34.706","20.289"
"10","Estimates","World",NA,"900",NA,NA,"1","World","0","1959","100000","86854.625","83354.904","81479.708","80270.586","79406.939","78770.324","78277.189","77879.88","77544.317","77244.17","76965.939","76706.314","76455.56","76203.456","75945.356","75682.233","75408.858","75120.553","74813.886","74487.285","74139.459","73772.359","73389.002","72995.444","72594.294","72189.333","71786.91","71388.402","70992.044","70593.778","70189.084","69779.051","69359.023","68928.426","68483.681","68024.991","67552.625","67062.152","66549.785","66007.634","65428.625","64817.428","64170.274","63503.528","62818.207","62110.845","61380.261","60617.275","59811.432","58955.876","58041.143","57075.711","56050.036","54973.582","53848.1","52679.261","51461.485","50192.091","48849.403","47435.77","45939.237","44354.624","42677.88","40925.089","39107.928","37241.383","35351.697","33436.709","31513.882","29556.694","27568.222","25587.421","23588.644","21620.148","19679.05","17777.842","15930.956","14162.257","12461.215","10851.683","9342.233","7956.076","6673.975","5515.599","4487.01","3592.838","2824.829","2181.412","1652.839","1225.303","889.959","632.707","439.634","298.526","197.979","128.505","81.497","50.471","30.492","17.92"
"11","Estimates","World",NA,"900",NA,NA,"1","World","0","1960","100000","86256.855","82370.238","80313.436","78978.763","78013.532","77279.256","76701.473","76220.931","75809.884","75449.34","75123.451","74818.031","74528.921","74250.431","73972.243","73689.526","73401.184","73099.965","72779.71","72439.22","72079.821","71702.981","71309.702","70905.407","70494.201","70078.358","69660.61","69244.425","68831.622","68418.089","67999.13","67574.822","67140.295","66695.654","66238.263","65762.375","65271.008","64763.405","64232.714","63676.471","63085.175","62460.349","61793.404","61097.489","60380.642","59643.456","58883.534","58096.695","57272.068","56402.198","55470.408","54490.728","53456.387","52375.012","51245.732","50071.436","48849.125","47573.661","46235.736","44827.853","43343.208","41792.844","40144.972","38432.403","36661.152","34838.19","33000.226","31127.24","29252.149","27379.75","25469.298","23565.78","21662.244","19789.955","17962.938","16185.178","14463.769","12813.123","11230.428","9745.054","8354.877","7088.231","5924.05","4881.457","3951.44","3152.608","2468.671","1895.719","1431.156","1060.382","764.914","544.233","376.501","253.936","168.157","108.899","69.03","42.76","25.878","15.298"
"12","Estimates","World",NA,"900",NA,NA,"1","World","0","1961","100000","87293.693","84011.224","82246.86","81080.889","80238.917","79610.471","79115.675","78711.558","78362.71","78052.104","77771.42","77509.555","77254.574","77006.364","76758.92","76502.02","76230.3","75944.684","75640.345","75315.331","74971","74608.971","74233.197","73846.664","73454.363","73059.127","72662.358","72263.11","71863.112","71463.821","71060.44","70652.568","70235.412","69809.038","69371.688","68920.202","68451.635","67964.613","67457.634","66925.521","66365.02","65771.175","65138","64468.663","63767.778","63044.932","62302.718","61530.13","60722.047","59870.659","58961.587","57996.138","56973.837","55905.929","54791.825","53629.23","52411.974","51137.035","49790.94","48369.974","46860.328","45274.641","43608.331","41860.18","40052.921","38186.201","36286.226","34345.409","32378.826","30406.683","28418.751","26412.867","24385.166","22381.376","20407.169","18476.339","16601.725","14791.759","13046.626","11389.181","9828.527","8386.546","7060.385","5860.367","4789.087","3849.069","3045.843","2363.926","1802.308","1346.509","988.923","709.401","499.21","342.603","229.134","150.322","96.445","60.502","37.036","22.12"
"13","Estimates","World",NA,"900",NA,NA,"1","World","0","1962","100000","88444.249","85747.548","84250.536","83281.411","82597.902","82097.72","81716.411","81409.248","81147.535","80912.032","80695.738","80491.022","80289.758","80082.835","79871.404","79650.449","79410.715","79149.688","78869.893","78570.079","78252.072","77918.437","77571.182","77214.153","76852.715","76488.199","76124.357","75758.121","75389.423","75017.852","74642.672","74263.818","73876.833","73481.688","73076.097","72657.58","72225.502","71773.875","71300.794","70805.077","70281.371","69730.672","69143.057","68520.35","67861.166","67170.013","66456.075","65712.339","64931.618","64105.872","63222.183","62281.116","61276.977","60223.739","59118.051","57966.638","56757.703","55479.551","54125.466","52684.156","51153.55","49527.102","47801.243","46008.166","44132.88","42192.805","40212.279","38176.567","36098.798","33990.116","31848.209","29711.295","27516.359","25327.154","23155.892","21016.927","18928.454","16905.81","14943.948","13077.952","11307.272","9674.503","8140.134","6762.069","5525.354","4444.133","3509.435","2719.62","2070.552","1541.878","1126.083","808.855","563.358","385.496","257.493","168.011","107.046","66.642","40.514","24.005"
"14","Estimates","World",NA,"900",NA,NA,"1","World","0","1963","100000","88700.043","86105.051","84639.249","83689.067","83020.333","82529.241","82153.547","81851.997","81594.219","81363.058","81148.567","80944.836","80745.191","80544.451","80334.156","80116.029","79883.407","79630.464","79354.622","79059.355","78746.111","78416.892","78075.652","77726.008","77371.642","77014.787","76657.623","76299.292","75937.746","75571.459","75199.818","74823.966","74440.905","74050.18","73649.464","73237.06","72810.308","72365.216","71898.555","71407.126","70888.908","70345.46","69767.81","69157.923","68511.731","67827.324","67112.086","66363.553","65579.851","64753.715","63872.295","62938.858","61939.632","60887.728","59788.868","58639.899","57437.873","56164.92","54810.957","53364.819","51823.586","50200.035","48461.242","46653.77","44785.431","42836.877","40852.474","38813.857","36725.428","34600.126","32428.081","30255.547","28052.833","25839.665","23637.247","21469.559","19356.472","17305.349","15315.807","13412.633","11611.098","9939.75","8386.367","6973.035","5712.41","4603.515","3640.881","2827.644","2155.1","1608.761","1175.174","843.499","593.376","406.231","273.045","179.072","114.678","71.696","43.77","26.067"
"15","Estimates","World",NA,"900",NA,NA,"1","World","0","1964","100000","88871.713","86411.252","84992.196","84063.327","83409.411","82931.155","82563.496","82267.979","82016.992","81791.168","81581.876","81380.672","81182.933","80984.219","80779.887","80562.734","80333.86","80088.634","79820.165","79528.324","79219.705","78894.924","78558.338","78214.261","77865.514","77515.535","77164.867","76813.69","76459.928","76101.623","75735.379","75363.372","74983.218","74596.881","74201.95","73795.053","73374.368","72935.609","72475.639","71990.799","71477.521","70939.375","70368.894","69770.877","69138.224","68468.127","67758.037","67010.356","66226.086","65398.258","64518.878","63590.067","62601.123","61560.683","60467.07","59325.101","58126.772","56863.095","55519.889","54084.211","52547.953","50924.731","49197.798","47385.082","45508.742","43581.08","41597.231","39558.828","37472.979","35336.942","33154.842","30957.359","28730.226","26519.04","24299.116","22108.112","19966.255","17894.743","15888.906","13964.718","12136.698","10435.619","8842.815","7402.213","6093.771","4952.163","3954.002","3106.551","2395.089","1813.866","1344.278","979.558","700.509","489.528","335.538","224.822","147.308","94.272","58.894","35.913"
"16","Estimates","World",NA,"900",NA,NA,"1","World","0","1965","100000","88846.507","86361.136","84948.251","84006.553","83336.115","82844.515","82467.097","82160.481","81899.337","81666.259","81450.555","81244.26","81039.964","80834.675","80623.387","80402.427","80163.454","79909.716","79634.98","79332.584","79004.482","78657.24","78296.819","77930.242","77561.023","77190.631","76820.371","76449.638","76076.257","75699.85","75317.145","74927.659","74530.007","74125.574","73714.172","73291.688","72856.061","72404.26","71931.348","71435.186","70911.099","70361.923","69784.102","69178.022","68543.229","67871.569","67162.32","66406.694","65604.944","64761.611","63867.407","62926.014","61929.761","60885.144","59789.265","58643.821","57444.095","56179.614","54837.599","53405.107","51872.742","50248.02","48520.705","46721.535","44848.008","42915.271","40951.959","38922.285","36843.92","34717.682","32547.576","30363.654","28144.498","25941.247","23760.623","21592.593","19475.483","17425.306","15446.085","13553.628","11757.921","10092.352","8535.805","7117.899","5844.597","4722.761","3755.695","2933.602","2252.039","1692.253","1245.467","901.976","636.52","440.232","299.322","198.981","129.447","82.343","51.013","30.685"
"17","Estimates","World",NA,"900",NA,NA,"1","World","0","1966","100000","89002.234","86582.844","85222.568","84317.869","83666.998","83188.467","82822.971","82528.955","82275.823","82048.853","81838.861","81637.069","81437.164","81234.448","81026.576","80810.584","80581.643","80334.234","80071.158","79790.347","79486.878","79162.244","78825.626","78481.516","78134.359","77786.73","77439.84","77091.569","76741.307","76386.673","76025.431","75656.022","75275.652","74886.126","74488.565","74080.416","73659.252","73221.581","72762.867","72281.449","71773.178","71238.69","70673.046","70081.675","69463.158","68811.671","68120.272","67385.507","66597.984","65759.442","64867.192","63932.047","62942.299","61905.147","60820.599","59684.88","58491.387","57234.148","55896.537","54470.742","52945.364","51325.454","49598.915","47790.593","45917.166","43972.232","41984.824","39953.171","37857.97","35724.155","33533.678","31321.851","29073.284","26822.71","24594.66","22395.53","20235.464","18131.832","16092.567","14154.211","12305.557","10587.802","8983.901","7516.668","6191.466","5029.679","4014.639","3152.961","2431.947","1840.308","1362.595","990.048","703.819","489.738","334.216","223.555","146.346","93.653","58.515","35.561"
"18","Estimates","World",NA,"900",NA,NA,"1","World","0","1967","100000","89190.29","86828.099","85500.674","84621.215","83987.887","83518.139","83160.977","82876.884","82636.497","82419.199","82217.245","82024.175","81832.178","81636.863","81434.581","81223.789","81000.035","80761.421","80501.453","80226.183","79933.537","79618.921","79286.397","78947.693","78606.401","78264.489","77924.47","77583.826","77240.814","76893.801","76540.813","76180.741","75810.431","75428.637","75036.413","74634.373","74219.724","73789.591","73338.441","72864.266","72362.449","71836.676","71280.2","70697.001","70085.596","69443.334","68769.019","68049.483","67278.661","66448.954","65560.816","64626.095","63638.569","62604.93","61526.178","60399.972","59212.611","57958.907","56626.515","55203.758","53686.759","52073.807","50356.553","48548.183","46669.889","44729.109","42734.41","40679.992","38585.939","36433.056","34232.213","32003.41","29731.808","27455.266","25184.462","22957.692","20781.383","18647.612","16575.452","14594.081","12707.964","10950.187","9312.443","7812.39","6456.634","5257.429","4216.214","3317.559","2571.391","1953.27","1452.689","1057.503","753.372","527.698","360.071","241.371","158.428","101.663","63.69","38.89"
"19","Estimates","World",NA,"900",NA,NA,"1","World","0","1968","100000","89491.319","87233.608","85955.673","85106.863","84496.915","84042.396","83695.1","83422.492","83194.858","82992.216","82801.467","82617.449","82434.555","82247.196","82051.357","81844.851","81624.239","81387.9","81133.209","80858.644","80570.266","80264.534","79941.481","79606.027","79268.657","78931.272","78594.497","78258.54","77920.933","77579.194","77231.564","76876.886","76512.744","76137.892","75751.595","75352.844","74941.354","74514.612","74067.408","73598.402","73101.65","72581.61","72032.341","71455.29","70849.922","70214.662","69546.951","68841.153","68082.36","67268.594","66388.095","65451.187","64461.443","63425.225","62344.183","61216.783","60033.248","58778.117","57440.564","56019.365","54494.253","52879.296","51156.837","49341.631","47447.56","45481.172","43472.976","41393.495","39272.569","37107.696","34876.348","32614.162","30299.597","27980.616","25668.299","23380.391","21148.432","18980.197","16864.508","14834.999","12900.728","11107.786","9430.193","7897.792","6514.064","5292.119","4223.378","3320.722","2555.188","1930.788","1428.961","1035.23","732.466","508.44","345.335","229.338","148.89","94.389","58.21","34.724"
"20","Estimates","World",NA,"900",NA,NA,"1","World","0","1969","100000","89688.102","87501.834","86252.359","85419.962","84820.805","84375.06","84030.673","83758.466","83535.081","83338.742","83156.178","82977.481","82798.42","82615.613","82424.208","82221.449","82003.099","81769.235","81517.71","81248.631","80961.138","80660.28","80348.23","80023.644","79690.93","79358.629","79027.207","78695.985","78364.117","78029.062","77687.122","77338.323","76980.372","76612.38","76233.169","75839.902","75431.701","75007.387","74564.393","74098.577","73604.776","73087.581","72541.077","71968.949","71366.818","70733.432","70069.968","69368.788","68623.246","67819.787","66952.272","66022.743","65032.771","63994.392","62907.655","61776.031","60587.712","59334.514","57998.655","56572.226","55047.955","53424.385","51694.997","49875.923","47971.209","45993.888","43959.638","41872.538","39719.54","37517.615","35270.458","32979.138","30645.515","28300.757","25958.833","23645.668","21382.587","19198.91","17086.679","15050.179","13111.588","11306.304","9622.091","8083.158","6689.08","5456.458","4376.396","3456.41","2682.667","2037.447","1519.404","1109.804","792.257","554.103","378.541","253.946","166.629","106.925","67.019","40.9"
"21","Estimates","World",NA,"900",NA,NA,"1","World","0","1970","100000","89843.88","87701.533","86473.088","85642.564","85039.428","84587.78","84237.109","83953.694","83718.872","83517.007","83332.286","83154.297","82974.634","82790.874","82599.297","82396.911","82178.562","81944.103","81692.853","81424.518","81140.319","80837.912","80527.895","80213.042","79889.171","79559.826","79232.222","78904.869","78576.358","78246.107","77909.342","77564.996","77210.78","76847.71","76474.073","76087.103","75685.423","75265.606","74827.125","74366.143","73878.856","73366.909","72826.056","72259.026","71664.606","71039.882","70382.821","69690.356","68953.991","68167.802","67316.615","66403.796","65422.904","64388.933","63307.744","62178.347","60996.93","59751.12","58430.123","57020.385","55510.475","53906.435","52191.382","50394.006","48511.618","46550.909","44535.827","42455.574","40321.843","38127.319","35881.408","33607.963","31275.149","28927.864","26579.735","24248.445","21963.978","19741.143","17591.83","15529.614","13561.723","11717.397","9990.245","8414.065","6985.086","5715.603","4602.794","3644.052","2835.9","2168.692","1623.853","1194.168","859.574","607.591","418.089","283.406","188.289","122.56","78.14","48.769"
"22","Estimates","World",NA,"900",NA,NA,"1","World","0","1971","100000","89918.784","87774.653","86547.744","85714.058","85102.996","84644.665","84290.53","84006.046","83767.077","83561.776","83377.816","83202.145","83025.892","82841.355","82643.717","82428.974","82192.951","81933.686","81649.934","81340.787","81007.159","80653.116","80282.902","79907.519","79526.665","79135.88","78739.027","78344.573","77952.871","77563.681","77176.206","76785.397","76387.427","75982.033","75567.733","75142.098","74702.479","74246.44","73771.954","73277.029","72760.015","72221.527","71656.334","71065.509","70448.221","69802.963","69126.131","68414.066","67661.612","66863.472","66010.297","65094.438","64115.062","63073.437","61982.115","60847.655","59662.109","58419.789","57105.086","55708.886","54219.425","52635.183","50953.269","49182.739","47339.541","45423.376","43453.723","41421.786","39336.551","37197.704","34999.671","32767.416","30504.455","28217.542","25938.568","23675.648","21450.673","19291.552","17193.493","15177.908","13257.771","11453.427","9766.167","8219.884","6820.203","5575.875","4485.438","3548.437","2758.513","2104.286","1575.111","1155.96","828.593","582.561","404.286","273.983","182.018","118.436","75.447","47.057"
"23","Estimates","World",NA,"900",NA,NA,"1","World","0","1972","100000","90185.305","88174.996","87030.205","86254.611","85684.627","85253.767","84919.959","84652.642","84428.153","84231.24","84055.766","83891.298","83726.64","83555.651","83373.903","83179.921","82969.344","82742.364","82496.163","82233.213","81954.259","81660.388","81357.274","81047.132","80739.058","80430.993","80116.995","79798.724","79480.458","79159.206","78833.363","78501.764","78161.01","77809.847","77447.796","77072.739","76684.138","76278.302","75852.074","75401.76","74926.058","74425.848","73897.34","73342.368","72758.971","72146.279","71500.546","70819.796","70095.625","69324.762","68497.711","67614.934","66666.115","65659.64","64586.789","63464.293","62290.512","61052.434","59741.135","58343.55","56849.323","55256.281","53561.383","51777.807","49906.278","47963.407","45957.617","43879.308","41741.339","39537.506","37279.228","34964.791","32603.189","30232.912","27835.017","25455.273","23108.858","20818.784","18592.772","16444.85","14402.996","12483.432","10678.032","9014.311","7499.555","6158.667","4976.232","3960.443","3096.732","2375.815","1788.65","1323.321","953.988","676.936","465.005","315.5","209.548","136.165","86.508","53.614"
"24","Estimates","World",NA,"900",NA,NA,"1","World","0","1973","100000","90340.643","88380.936","87274.832","86525.399","85974.003","85555.587","85229.677","84968.284","84750.345","84558.225","84382.435","84219.437","84059.883","83894.708","83719.428","83531.055","83326.984","83106.138","82867.205","82611.629","82340.752","82056.728","81763.408","81465.257","81162.628","80863.437","80565.332","80261.79","79951.585","79640.017","79323.981","79001.651","78671.104","78329.872","77977.465","77611.675","77232.239","76835.756","76418.935","75978.473","75510.252","75018.015","74498.316","73951.813","73377.978","72771.879","72135.138","71461.402","70745.933","69981.272","69162.723","68291.591","67361.255","66371.856","65321.387","64207.505","63033.393","61797.599","60487.041","59092.941","57600.606","56016.715","54328.44","52549.311","50685.753","48740.587","46737.471","44664.421","42519.705","40306.589","38024.99","35703.682","33317.041","30917.975","28512.236","26089.364","23707.776","21372.889","19107.34","16912.882","14807.786","12829.941","10979.72","9266.578","7710.448","6323.905","5108.194","4059.563","3170.262","2429.756","1823.787","1343.162","969.589","678.958","469.595","317.584","210.379","136.514","86.706","53.86"
"25","Estimates","World",NA,"900",NA,NA,"1","World","0","1974","100000","90469.185","88543.991","87462.993","86733.799","86196.725","85788.512","85469.349","85212.224","84997.06","84808.474","84634.683","84469.29","84309.611","84147.361","83975.367","83790.478","83589.374","83371.242","83135.501","82883.242","82615.526","82333.863","82044.23","81750.104","81453.85","81154.91","80861.26","80567.281","80266.481","79959.156","79647.649","79330.968","79004.612","78669.38","78322.162","77961.227","77585.741","77193.244","76781.115","76346.541","75884.69","75397.25","74881.153","74339.165","73768.197","73167.059","72532.103","71861.294","71148.428","70386.727","69571.072","68703.873","67779.86","66804.301","65764.806","64669.582","63504.287","62270.269","60961.848","59567.829","58078.19","56500.761","54820.052","53052.353","51197.839","49262.169","47262.159","45192.695","43051.635","40842.122","38561.133","36229.818","33843.889","31427.071","29002.581","26592.622","24195.179","21841.941","19557.052","17343.439","15216.463","13209.12","11325.218","9586.051","7991.376","6569.833","5317.048","4240.386","3319.766","2552.01","1922.27","1422.127","1025.16","726.692","502.756","341.572","227.152","147.972","94.42","58.97"
"26","Estimates","World",NA,"900",NA,NA,"1","World","0","1975","100000","90607.86","88729.917","87672.692","86956.716","86428.014","86022.915","85702.841","85442.405","85222.802","85029.198","84851.353","84680.567","84511.554","84341.947","84164.314","83974.364","83768.639","83547.07","83307.976","83051.956","82780.859","82495.066","82201.366","81902.979","81603.179","81303.437","81002.233","80704.584","80406.508","80100.188","79784.744","79464.552","79137.248","78799.34","78450.487","78087.93","77709.243","77313.245","76898.304","76462.03","76000.459","75514.669","74998.457","74455.847","73886.372","73285.661","72652.937","71980.473","71267.682","70507.24","69693.696","68828.523","67909.471","66940.073","65918.562","64834.458","63688.567","62461.293","61154.796","59767.73","58278.786","56707.359","55035.05","53275.905","51437.82","49517.255","47529.082","45462.13","43331.83","41131.242","38856.076","36529.076","34139.463","31731.72","29299.184","26871.241","24479.229","22109.912","19804.293","17568.863","15416.751","13388.29","11477.65","9715.856","8114.546","6683.645","5417.57","4319.494","3391.381","2612.761","1974.741","1464.202","1063.951","755.724","526.007","359.668","241.126","158.48","102.181","64.575"
"27","Estimates","World",NA,"900",NA,NA,"1","World","0","1976","100000","90780.757","88953.723","87927.847","87227.981","86708.564","86310.646","85994.76","85735.851","85515.927","85321.548","85141.88","84970.27","84799.495","84626.587","84448.717","84260.373","84055.896","83835.744","83599.706","83348.776","83083.258","82805.595","82517.781","82226.193","81933.048","81639.825","81348.412","81054.915","80763.364","80469.845","80165.732","79851.533","79531.199","79201.836","78860.644","78506.328","78135.055","77745.706","77334.613","76901.738","76444.63","75963.943","75456.089","74917.985","74352.163","73754.289","73123.527","72454.277","71741.79","70981.946","70170.009","69308.548","68390.273","67423.202","66405.567","65335.203","64195.299","62983.728","61681.54","60289.186","58798.887","57220.134","55549.103","53790.094","51951.74","50032.425","48047.496","45988.807","43857.673","41655.025","39370.949","37039.207","34644.097","32215.025","29776.111","27325.129","24911.372","22540.393","20207.507","17942.669","15763.334","13703.54","11765.099","9965.009","8329.278","6868.453","5568.622","4441.081","3482.343","2680.439","2023.109","1497.645","1083.929","767.85","531.753","361.317","240.427","156.675","99.969","62.451"
"28","Estimates","World",NA,"900",NA,NA,"1","World","0","1977","100000","90962.053","89189.561","88195.406","87520.137","87017.851","86632.242","86327.54","86078.494","85867.051","85680.577","85508.956","85344.127","85181.16","85015.062","84842.74","84660.463","84461.842","84247.002","84016.059","83771.639","83513.838","83243.561","82964.899","82681.323","82396.542","82111.984","81828.252","81545.148","81258.805","80973.14","80682.968","80382.093","80069.149","79749.106","79418.574","79074.083","78713.238","78333.131","77930.973","77505.663","77056.697","76583.542","76083.764","75556.033","74998.921","74409.664","73786.677","73124.385","72418.02","71662.394","70853.566","69997.705","69087.233","68126.275","67117.429","66054.408","64932.766","63732.221","62449.56","61066.875","59581.092","58009.75","56337.804","54581.601","52746.786","50835.456","48857.765","46803.799","44676.139","42469.251","40182.829","37846.781","35444.238","33002.909","30536.455","28071.175","25625.196","23220.52","20879.069","18577.37","16362.074","14259.522","12273.861","10433.742","8749.478","7243.791","5906.788","4737.238","3735.445","2896.414","2203.829","1645.052","1202.433","861.073","605.798","417.34","281.684","186.387","120.901","76.835"
"29","Estimates","World",NA,"900",NA,NA,"1","World","0","1978","100000","91144.736","89418.292","88448.289","87788.194","87297.978","86921.366","86623.702","86381.507","86175.936","85994.04","85826.401","85665.814","85506.219","85343.907","85175.146","84996.859","84802.269","84588.382","84356.4","84109.953","83851.349","83580.279","83300.884","83017.603","82732.596","82448.089","82165.35","81883.233","81600.974","81314.259","81026.452","80732.695","80426.543","80107.883","79780.568","79441.459","79085.595","78711.861","78315.303","77894.652","77447.323","76976.312","76479.073","75955.816","75404.282","74818.661","74200.165","73541.611","72838.862","72087.878","71281.809","70425.351","69516.399","68559.009","67547.766","66486.048","65364.568","64175.541","62896.867","61531.739","60047.783","58468.215","56795.989","55027.816","53189.127","51274.546","49292.625","47236.368","45106.163","42905.321","40609.438","38267.568","35857.035","33406.288","30920.969","28432.178","25964.917","23532.753","21161.787","18855.69","16604.26","14469.705","12460.143","10598.101","8888.054","7354.128","5995.983","4810.809","3798.239","2943.852","2237.279","1671.753","1222.069","872.01","613.641","422.275","284.766","188.072","121.694","77.089"
"30","Estimates","World",NA,"900",NA,NA,"1","World","0","1979","100000","91377.505","89709.426","88772.362","88134.262","87661.213","87300.627","87017.758","86789.736","86598.579","86430.513","86275.524","86127.442","85980.503","85830.115","85673.353","85507.094","85326.987","85128.409","84908.89","84674.034","84426.158","84168.752","83902.987","83632.542","83360.658","83087.571","82815.649","82543.524","82271.394","81996.921","81715.213","81431.686","81140.756","80835.603","80518.739","80191.822","79850.955","79490.745","79107.915","78700.71","78263.422","77800.027","77310.951","76795.178","76251.621","75677.141","75066.877","74416.217","73721.078","72975.116","72172.622","71318.156","70407.733","69449.643","68442.797","67380.784","66264.139","65076.872","63811.235","62447.981","60978.767","59401.566","57719.208","55951.805","54099.587","52179.247","50187.611","48124.566","45983.906","43772.759","41469.882","39106.762","36674.517","34200.231","31694.308","29172.983","26664.678","24196.007","21780.852","19426.855","17143.066","14956.653","12898.103","10985.929","9233.604","7658.849","6258.071","5036.641","3990.981","3106.906","2368.621","1772.912","1301.69","936.356","659.596","456","308.784","204.874","133.078","84.629"
"31","Estimates","World",NA,"900",NA,NA,"1","World","0","1980","100000","91581.482","89971.743","89060.265","88437.71","87973.763","87618.981","87341.045","87116.836","86929.582","86765.649","86614.548","86469.509","86325.404","86178.121","86023.706","85860.251","85683.142","85490.697","85276.904","85044.168","84796.355","84538.061","84274.378","84006.031","83735.432","83464.848","83193.847","82923.261","82651.672","82378.149","82100.79","81814.914","81524.752","81226.621","80914.816","80588.574","80250.342","79896.211","79519.081","79117.235","78684.783","78225.754","77736.927","77221.712","76679.628","76107.133","75503.688","74858.941","74166.449","73425.568","72626.541","71773.354","70862.418","69902.491","68891.837","67829.056","66707.282","65521.636","64253.893","62901.541","61433.62","59871.973","58187.845","56414.219","54561.339","52625.914","50626.714","48553.645","46408.714","44184.922","41875.487","39506.224","37054.77","34559.629","32036.681","29495.83","26963.981","24459.104","22011.026","19623.805","17302.319","15099.134","13010.788","11073.605","9301.101","7701.61","6281.453","5041.476","3984.412","3096.295","2355.724","1758.174","1284.572","919.743","645.887","444.217","298.756","196.516","126.486","79.61"
"32","Estimates","World",NA,"900",NA,NA,"1","World","0","1981","100000","91784.376","90232.604","89351.289","88743.835","88288.993","87939.716","87666.019","87446.117","87262.686","87102.809","86955.44","86813.649","86672.234","86527.308","86375.299","86213.646","86038.896","85849.326","85641.601","85413.333","85165.897","84905.66","84639.053","84370.988","84100.794","83829.583","83559.62","83288.219","83015.943","82741.583","82462.831","82179.641","81886.865","81590.175","81285.038","80964.477","80627.98","80278.086","79907.822","79513.101","79088.628","78635.334","78152.155","77640.836","77101.581","76532.877","75933.333","75296.606","74613.382","73879.468","73088.479","72242.083","71336.968","70378.418","69369.706","68308.531","67192.838","66008.674","64747.469","63401.795","61959.786","60401.328","58737.992","56967.846","55114.72","53185.887","51182.063","49114.987","46972.908","44757.799","42454.894","40073.804","37626.73","35119.457","32588.887","30040.82","27491.397","24969.796","22486.815","20071.723","17720.771","15472.981","13359.796","11385.433","9572.578","7939.452","6482.136","5212.009","4126.24","3209.378","2453.686","1839.053","1349","967.967","681.602","471.029","318.652","210.753","136.313","86.262"
"33","Estimates","World",NA,"900",NA,NA,"1","World","0","1982","100000","92007.348","90503.706","89650.168","89059.28","88613.044","88268.681","87998.027","87780.764","87600.374","87443.449","87299.935","87161.882","87024.069","86882.115","86732.684","86573.046","86399.846","86211.862","86007.6","85786.669","85544.886","85285.817","85018.821","84749.46","84481.594","84213.216","83944.933","83676.392","83405.388","83132.407","82855.463","82573.77","82285.567","81988.142","81685.781","81372.642","81042.364","80694.305","80329.185","79943.285","79527.062","79083.624","78609.844","78105.946","77572.376","77007.651","76413.516","75783.032","75110.489","74385.425","73602.204","72763.124","71864.83","70913.726","69909.595","68850.741","67735.675","66557.868","65299.328","63957.248","62518.587","60980.299","59315.368","57564.901","55713.777","53785.064","51784.486","49705.005","47559.444","45339.066","43036.395","40658.314","38204.235","35690.649","33137.933","30573.864","28008.994","25461.362","22954.599","20505.377","18128.703","15856.874","13704.253","11706.167","9857.188","8192.314","6707.665","5411.644","4297.805","3354.394","2574.747","1943.062","1434.863","1037.224","733.898","510.935","348.604","232.861","152.085","97.106"
"34","Estimates","World",NA,"900",NA,NA,"1","World","0","1983","100000","92060.346","90576.501","89735.891","89154.469","88712.831","88369.168","88098.166","87880.522","87700.598","87544.535","87401.272","87264.483","87128.088","86988.065","86840.818","86683.828","86513.139","86328.615","86128.387","85913.555","85683.038","85433.915","85172.976","84908.546","84644.777","84383.03","84121.37","83858.437","83594.21","83326.881","83055.126","82778.392","82494.959","82204.687","81903.465","81594.947","81274.692","80934.729","80573.226","80192.961","79787.712","79353.565","78888.739","78393.674","77866.318","77305.997","76714.579","76087.08","75416.935","74700.506","73925.046","73090.766","72198.171","71251.8","70250.438","69190.363","68071.934","66891.608","65633.535","64289.34","62850.372","61315.385","59671.398","57916.678","56081.183","54151.963","52148.35","50073.996","47913.498","45681.34","43368.683","40982.586","38515.96","35987.048","33418.255","30827.76","28240.662","25674.586","23144.191","20672.84","18272.841","15974.702","13798.54","11765.243","9903.867","8219.758","6721.92","5407.685","4284.075","3335.523","2544.367","1912.033","1406.075","1011.342","712.106","492.384","333.579","221.212","143.42","90.784"
"35","Estimates","World",NA,"900",NA,NA,"1","World","0","1984","100000","92220.587","90774.742","89960.106","89393.017","88961.541","88624.236","88356.472","88141.253","87963.704","87810.701","87670.5","87535.986","87402.548","87265.399","87121.282","86967.103","86799.221","86616.631","86418.857","86206.289","85979.635","85739.561","85485.704","85224.128","84961.722","84701.006","84442.978","84184.392","83923.315","83659.829","83390.811","83116.254","82835.568","82547.407","82251.102","81941.571","81622.665","81289.276","80933.037","80555.22","80154.624","79730.354","79273.329","78785.784","78265.067","77709.839","77119.073","76491.162","75824.25","75110.975","74343.345","73518.167","72631.415","71691.903","70696.028","69641.679","68524.681","67341.685","66083.165","64742.481","63305.058","61771.201","60134","58401.503","56567.417","54654.178","52650.726","50570.164","48411.446","46170.757","43855.507","41465.613","38996.844","36468.904","33899.752","31307.869","28703.931","26127.162","23587.879","21091.814","18662.495","16338.484","14141.645","12084.386","10190.52","8483.143","6954.147","5610.259","4455.164","3477.996","2665.315","2004.75","1480.784","1070.74","759.928","527.841","359.072","239.182","155.766","99.008"
"36","Estimates","World",NA,"900",NA,NA,"1","World","0","1985","100000","92400.884","90988.408","90194.261","89643.893","89222.188","88892.053","88628.744","88416.22","88240.996","88090.288","87952.628","87820.858","87689.485","87555.029","87413.529","87262.368","87098.072","86918.987","86723.53","86513.966","86290.832","86056.862","85813.809","85560.93","85302.769","85044.967","84789.433","84535.489","84279.44","84021.025","83757.735","83488.573","83213.107","82930.093","82639.075","82337.38","82021.005","81693.607","81348.608","80980.725","80585.682","80168.871","79725.513","79250.992","78745.845","78204.402","77626.08","77008.189","76347.933","75644.365","74887.68","74075.261","73202.815","72274.813","71291.936","70247.92","69140.448","67964.043","66707.518","65369.567","63934.431","62399.892","60767.374","59036.684","57217.818","55292.346","53297.484","51208.196","49032.006","46778.907","44432.694","42021.586","39535.285","36989.951","34399.3","31774.787","29147.014","26530.161","23948.18","21415.103","18945.785","16579.549","14337.233","12243.852","10318.261","8572.672","7021.375","5655.891","4477.268","3483.171","2660.375","1994.498","1461.479","1050.731","737.668","508.462","342.723","225.974","145.695","91.605"
"37","Estimates","World",NA,"900",NA,NA,"1","World","0","1986","100000","92613.717","91260.972","90490.775","89957.827","89551.307","89231.311","88976.354","88770.325","88600.388","88454.766","88321.685","88194.388","88067.466","87936.753","87799.226","87652.089","87491.821","87317.33","87126.098","86919.619","86699.659","86469.45","86232.807","85991.247","85742.894","85491.027","85239.867","84989.807","84739.957","84487.474","84229.404","83967.009","83697.093","83419.375","83134.398","82839.55","82533.683","82210.876","81873.997","81519.588","81138.03","80729.558","80295.457","79835.386","79345.379","78821.592","78261.931","77662.869","77019.072","76328.563","75584.962","74787.984","73933.889","73024.26","72057.541","71033.648","69945.138","68787.035","67546.691","66219.79","64793.27","63270.86","61639.246","59915.835","58103.146","56197.707","54194.166","52114.638","49930.14","47664.281","45310.651","42875.449","40372.648","37810.894","35211.301","32577.563","29926.427","27288.451","24672.645","22104.376","19595.031","17182.316","14888.155","12742.263","10765.496","8970.131","7364.195","5955.707","4730.114","3696.685","2832.447","2128.995","1572.765","1135.039","806.102","560.531","381.491","254.006","165.486","105.435"
"38","Estimates","World",NA,"900",NA,NA,"1","World","0","1987","100000","92838.18","91556.052","90815.967","90297.282","89901.971","89591.829","89343.398","89142.789","88976.987","88834.745","88705.093","88580.678","88456.411","88328.04","88192.302","88046.962","87888.784","87716.395","87528.113","87324.039","87105.67","86876.917","86641.75","86403.461","86162.622","85916.118","85665.958","85415.796","85165.316","84914.881","84659.126","84397.49","84129.795","83853.501","83570.137","83276.72","82972.474","82654.856","82317.504","81965.622","81592.654","81192.324","80762.074","80308.405","79827.235","79312.219","78762.569","78171.265","77533.846","76849.242","76111.153","75319.187","74472.869","73571.136","72613.215","71594.777","70514.481","69361.156","68125.312","66800.555","65378.511","63858.367","62237.274","60515.79","58709.811","56810.93","54831.497","52747.815","50580.47","48315.539","45959.506","43524.67","41001.988","38436.14","35831.53","33194.507","30537.444","27886.095","25252.405","22658.545","20122.663","17680.828","15354.415","13169.293","11149.817","9317.488","7666.793","6207.83","4955.126","3883.679","2988.751","2256.737","1671.493","1216.68","864.922","604.272","413.719","277.238","181.749","116.568"
"39","Estimates","World",NA,"900",NA,NA,"1","World","0","1988","100000","92907.56","91638.924","90909.211","90397.278","90003.779","89695.886","89450.291","89251.088","89086.877","88946.01","88817.746","88695.301","88573.226","88447.273","88314.248","88171.38","88015.628","87845.968","87661.153","87461.945","87247.736","87021.502","86788.831","86552.91","86316.11","86077.496","85833.208","85585.483","85335.647","85085.537","84831.841","84573.536","84307.282","84034.312","83752.823","83461.454","83159.106","82843.431","82511.487","82158.968","81789.278","81397.267","80974.966","80523.925","80046.888","79539.047","78994.391","78410.158","77778.599","77100.066","76364.612","75576.355","74734.715","73838.338","72889.61","71879.513","70803.866","69657.122","68426.651","67108.611","65686.477","64165.498","62547.16","60834.417","59030.594","57139.387","55164.179","53106.905","50935.62","48689.059","46335.464","43898.536","41379.356","38798.301","36183.83","33541.062","30885.247","28229.163","25585.348","22981.561","20422.979","17954.717","15601.36","13387.946","11334.648","9463.143","7791.364","6313.199","5031.628","3944.329","3028.913","2285.325","1688.349","1222.108","867.835","603.335","410.896","273.984","178.664","113.845"
"40","Estimates","World",NA,"900",NA,NA,"1","World","0","1989","100000","93091.485","91883.15","91185.153","90693.182","90313.404","90013.496","89774.904","89582.204","89422.846","89286.425","89162.157","89043.319","88924.491","88801.488","88671.002","88530.576","88376.898","88209.394","88027.124","87831.718","87623.033","87401.795","87172.497","86939.766","86705.532","86471.014","86234.927","85992.434","85744.222","85494.142","85240.673","84983.966","84719.491","84447.524","84167.782","83877.088","83575.914","83261.544","82930.433","82582.68","82209.27","81817.993","81402.872","80957.22","80482.718","79978.783","79442.571","78864.16","78240.532","77566.635","76836.165","76049.021","75209.054","74316.939","73372.84","72372.244","71306.155","70164.231","68938.814","67624.438","66210.265","64694.412","63080.561","61373.266","59576.914","57688.082","55723.375","53673.914","51534.955","49285.618","46953.218","44521.306","41998.835","39422.711","36790.005","34143.157","31480.775","28816.608","26162.943","23538.878","20965.136","18467.78","16079.32","13827.218","11734.634","9821.074","8101.155","6580.883","5257.493","4127.676","3185.527","2409.106","1785.752","1298.821","925.394","646.074","441.87","296.195","194.511","124.903"
"41","Estimates","World",NA,"900",NA,NA,"1","World","0","1990","100000","93229.103","92045.896","91361.67","90881.419","90509.782","90214.921","89978.149","89787.255","89629.797","89494.749","89371.774","89254.057","89136.37","89014.474","88884.429","88743.901","88590.239","88422.05","88238.671","88041.851","87832.001","87610.494","87380.125","87144.181","86907.574","86670.118","86432.97","86193.369","85945.719","85691.485","85432.623","85170.605","84903.54","84629.503","84347.121","84054.432","83750.015","83431.987","83097.017","82745.549","82372.23","81973.595","81554.939","81112.317","80640.117","80135.034","79599.233","79026.309","78404.997","77735.594","77007.201","76222.015","75378.685","74482.484","73536.832","72534.731","71474.896","70340.473","69116.356","67807.855","66395.3","64880.816","63262.932","61553.298","59758.28","57874.983","55912.214","53869.007","51736.193","49520.359","47188.257","44776.975","42263.627","39680.716","37055.924","34396.677","31728.165","29059.747","26408.333","23783.418","21194.117","18689.308","16289.836","14020.094","11910.516","9978.216","8235.499","6695.934","5355.839","4211.029","3250.884","2462.822","1827.813","1326.786","945.476","660.392","451.608","302.487","198.578","127.612"
"42","Estimates","World",NA,"900",NA,NA,"1","World","0","1991","100000","93224.996","92051.925","91370.821","90893.337","90524.91","90231.239","89993.756","89800.5","89641.046","89504.502","89380.234","89261.895","89143.937","89021.724","88892.078","88752.397","88599.723","88433.604","88252.459","88058.442","87852.241","87635.63","87411.223","87180.803","86947.272","86712.723","86478.104","86242.594","86003.178","85754.849","85497.21","85233.6","84964.527","84691.275","84409.673","84117.677","83814.304","83496.57","83163.004","82811.756","82438.102","82042.883","81619.382","81177.418","80709.885","80210.627","79676.478","79109.051","78497.067","77834.772","77115.454","76337.8","75500.163","74605.752","73660.016","72663.544","71608.042","70486.934","69277.11","67974.269","66570.52","65063.905","63454.134","61749.358","59956.748","58084.981","56134.957","54099.743","51984.235","49779.57","47487.074","45079.322","42600.763","40031.13","37409.505","34759.932","32085.175","29418.863","26768.689","24147.116","21554.417","19033.989","16615.873","14321.527","12184.252","10225.52","8459.896","6886.876","5519.339","4346.14","3360.163","2548.558","1896.143","1380.974","984.34","688.353","471.544","316.172","207.558","133.412"
"43","Estimates","World",NA,"900",NA,NA,"1","World","0","1992","100000","93311.332","92166.527","91508.095","91043.954","90687.096","90404.783","90176.713","89990.84","89836.886","89705.416","89585.644","89471.008","89356.203","89236.894","89109.382","88971.08","88819.089","88653.048","88472.22","88277.315","88070.052","87852.101","87627.02","87397.145","87163.032","86926.24","86688.92","86450.347","86209.679","85963.83","85705.207","85435.87","85160.303","84878.107","84591.317","84294.055","83985.484","83663.985","83323.774","82966.875","82587.005","82185.402","81760.319","81306.092","80833.951","80334.515","79801.316","79232.315","78624.027","77969.45","77253.539","76478.076","75639.861","74743.388","73790.969","72784.807","71724.999","70602.619","69402.797","68111.833","66710.549","65211.814","63607.545","61906.887","60117.226","58248.533","56305.357","54282.934","52173.235","49987.115","47710.483","45349.316","42882.149","40347.116","37740.343","35094.036","32437.927","29766.069","27118.57","24496.889","21904.869","19381.82","16951.202","14651.519","12500.92","10520.423","8725.281","7126.286","5724.032","4518.94","3500.137","2665.773","1985.19","1449.357","1035.146","724.783","496.974","333.523","218.927","140.469"
"44","Estimates","World",NA,"900",NA,NA,"1","World","0","1993","100000","93438.514","92321.175","91678.027","91228.366","90880.649","90606.05","90384.951","90204.228","90054.078","89925.405","89808.21","89696.017","89583.483","89466.425","89340.653","89203.45","89052.174","88886.083","88704.575","88509.527","88301.919","88083.92","87859.409","87630.086","87397.816","87162.447","86924.086","86684.55","86441.652","86195.433","85941.188","85673.366","85392.496","85102.968","84806.828","84504.667","84189.602","83860.858","83514.429","83148.866","82760.571","82349.534","81914.482","81453.616","80965.472","80456.061","79916.591","79342.352","78728.637","78076.398","77366.976","76591.109","75749.431","74843.489","73877.657","72850.905","71770.313","70630.102","69419.611","68131.831","66734.193","65228.75","63619.35","61911.437","60108.776","58225.042","56268.822","54239.625","52132.355","49945.84","47679.281","45325.004","42897.138","40367.431","37791.219","35158.607","32497.284","29840.01","27179.292","24556.527","21958.957","19431.192","16996.861","14685.999","12529.556","10536.003","8728.343","7119.37","5709.904","4495.492","3476.802","2639.11","1957.277","1420.517","1009.033","702.025","477.736","317.883","206.681","131.178"
"45","Estimates","World",NA,"900",NA,NA,"1","World","0","1994","100000","93531.541","92430.503","91790.707","91345.193","91003.291","90730.986","90511.497","90332.305","90182.775","90053.705","89935.565","89822.512","89708.896","89589.038","89456.935","89308.83","89141.932","88957.096","88755.369","88538.796","88310.287","88071.573","87826.399","87577.683","87326.4","87073.308","86816.969","86557.164","86294.446","86028.344","85756.481","85475.664","85176.367","84861.433","84537.567","84205.882","83867.494","83515.488","83146.218","82757.678","82344.674","81911.065","81453.191","80971.351","80462.759","79925.035","79366.695","78775.797","78147.7","77479.778","76767.102","75999.751","75159.602","74257.522","73290.962","72259.507","71166.029","70012.709","68794.728","67505.406","66123.701","64637.928","63038.701","61344.965","59558.173","57687.353","55741.333","53724.607","51640.875","49482.961","47243.256","44931.699","42545.744","40093.899","37562.697","34996.323","32388.953","29772.053","27161.502","24567.241","22006.714","19516.086","17110.685","14818.576","12669.187","10689.172","8885.457","7274.508","5857.125","4635.041","3594.242","2734.404","2036.3","1485.638","1061.502","742.202","507.39","339.153","221.532","141.171"
"46","Estimates","World",NA,"900",NA,NA,"1","World","0","1995","100000","93654.824","92585.449","91957.987","91516.721","91180.15","90915.026","90700.654","90526.428","90381.992","90257.861","90144.689","90036.441","89928.229","89815.786","89694.812","89562.357","89414.87","89251.035","89070.514","88875.667","88669.122","88453.092","88230.288","88002.803","87772.966","87541.209","87307.503","87069.525","86826.446","86579.759","86327.373","86069.058","85801.179","85516.387","85214.88","84903.234","84581.891","84251.194","83904.196","83538.136","83149.554","82738.789","82304.607","81844.5","81359.271","80842.994","80293.563","79717.698","79103.8","78449.566","77747.01","76998.757","76194.199","75317.3","74378.295","73369.579","72290.999","71142.632","69925.266","68636.483","67259.694","65792.889","64216.385","62533.215","60757.175","58891.036","56942.025","54911.821","52808.794","50630.145","48370.069","46030.524","43619.153","41143.475","38611.107","36000.107","33379.242","30724.713","28062.591","25419.081","22786.168","20233.001","17763.298","15405.776","13194.269","11146.156","9277.343","7599.019","6119.562","4840.877","3755.42","2855.177","2122.082","1542.55","1100.522","767.769","523.614","348.987","227.315","144.473"
"47","Estimates","World",NA,"900",NA,NA,"1","World","0","1996","100000","93775.527","92733.735","92118.789","91683.015","91347.126","91084.017","90872.992","90700.437","90557.64","90435.212","90323.71","90216.964","90110.111","89999.171","89880.326","89750.072","89604.888","89443.179","89263.971","89070.263","88863.986","88648.688","88427.604","88202.116","87973.779","87743.586","87511.471","87276.62","87036.296","86790.603","86540.388","86284.179","86021.495","85749.421","85458.534","85150.81","84831.223","84501.751","84161.442","83803.495","83423.443","83022.095","82597.863","82149.316","81674.753","81169.864","80633.73","80060.74","79457.773","78813.643","78121.645","77380.542","76591.413","75746.056","74833.566","73855.506","72803.983","71680.257","70474.551","69192.394","67824.512","66368.418","64815.841","63157.615","61401.621","59555.682","57625.281","55608.985","53509.059","51330.876","49073.25","46737.452","44326.516","41851.956","39321.687","36743.135","34095.528","31444.809","28765.872","26096.338","23444.999","20844.906","18347.627","15954.127","13700.297","11601.744","9683.733","7960.896","6434.998","5108.241","3977.826","3034.087","2262.555","1652.293","1181.931","827.955","567.427","380.111","248.732","158.844"
"48","Estimates","World",NA,"900",NA,NA,"1","World","0","1997","100000","93909.27","92898.048","92297.481","91870.055","91538.449","91276.12","91066.85","90896.968","90755.486","90634.316","90524.276","90419.031","90313.606","90203.835","90086.473","89958.529","89815.858","89657.085","89480.611","89288.277","89083.945","88869.747","88650.152","88426.819","88200.801","87972.867","87743.494","87511.39","87275.888","87034.905","86787.249","86535.174","86276.685","86011.538","85736.077","85441.428","85129.094","84803.718","84466.372","84116.833","83746.909","83355.672","82941.829","82502.798","82039.696","81547.306","81024.826","80465.894","79865.765","79231.534","78552.258","77822.471","77040.808","76212.178","75329.553","74377.261","73356.258","72257.129","71074.914","69804.916","68444.393","66997.116","65457.484","63826.452","62093.312","60261.812","58348.038","56341.637","54246.651","52065.768","49804.77","47466.514","45053.804","42574.282","40043.531","37455.033","34834.365","32153.994","29482.781","26792.735","24110.394","21482.638","18929.694","16497.755","14203.976","12062.578","10095.118","8318.603","6742.34","5364.362","4184.466","3199.759","2394.928","1753.375","1253.172","878.356","602.229","403.812","264.593","169.297"
"49","Estimates","World",NA,"900",NA,NA,"1","World","0","1998","100000","94031.654","93042.595","92451.645","92028.75","91699.757","91437.766","91226.815","91056.232","90914.68","90792.717","90682.34","90577.172","90471.774","90362.112","90244.235","90115.751","89973.396","89815.007","89638.392","89445.389","89237.175","89018.494","88793.264","88564.579","88334.194","88102.045","87868.66","87633.237","87395.034","87152.592","86903.417","86647.395","86385.752","86117.359","85842.42","85556.43","85249.01","84922.243","84581.087","84226.689","83856.97","83467.726","83055.22","82619.232","82157.296","81668.827","81149.475","80595.608","80002.055","79363.518","78687.043","77964.85","77190.904","76367.004","75497.451","74569.073","73569.064","72493.842","71332.972","70080.095","68729.471","67285.969","65753.541","64132.268","62422.584","60613.789","58710.679","56724.771","54648.143","52479.365","50224.207","47886.736","45476.836","43007.484","40473.977","37890.887","35270.506","32625.604","29930.505","27250.911","24561.941","21914.124","19343.281","16864.298","14536.764","12368.061","10370.728","8561.33","6947.098","5536.704","4329.26","3317.421","2484.563","1824.67","1305.893","916.118","628.729","422.086","277.12","177.805"
"50","Estimates","World",NA,"900",NA,NA,"1","World","0","1999","100000","94201.31","93261.334","92696.257","92289.594","91972.694","91719.952","91515.542","91349.418","91212.607","91095.265","90988.287","90886.537","90785.101","90679.364","90565.169","90439.21","90299.467","90144.065","89970.402","89779.963","89573.561","89354.937","89128.921","88898.395","88666.338","88433.896","88199.375","87962.993","87724.073","87481.098","87232.921","86977.336","86713.378","86443.194","86165.499","85879.739","85581.636","85259.515","84914.912","84554.441","84177.976","83786.402","83373.03","82934.713","82471.523","81980.028","81459.246","80904.344","80310.493","79672.542","78984.813","78259.963","77488.519","76668.433","75798.199","74878.548","73898.84","72834.859","71688.638","70444.847","69098.326","67654.679","66118.027","64494.455","62786.919","60994.632","59108.83","57129.34","55060.269","52896.166","50646.65","48306.172","45885.107","43405.136","40871.363","38284.019","35666.712","33016.696","30349.471","27647.664","24958.332","22291.315","19688.672","17191.446","14818.879","12613.03","10583.313","8740.331","7098.09","5655.883","4420.414","3384.861","2537.621","1859.416","1330.475","931.167","637.022","426.177","278.793","178.265"
"51","Estimates","World",NA,"900",NA,NA,"1","World","0","2000","100000","94388.707","93485.757","92942.002","92549.299","92241.856","91996.131","91796.765","91634.003","91499.438","91384.594","91280.549","91181.063","91081.871","90978.971","90868.139","90746.166","90609.87","90458.427","90290.649","90106.346","89906.967","89695.633","89475.524","89250.748","89022.545","88793.353","88563.581","88331.547","88096.259","87856.972","87612.462","87361.622","87101.441","86832.286","86556.141","86271.178","85977.396","85668.469","85333.237","84974.188","84594.619","84199.44","83786.424","83350.359","82887.855","82398.46","81878.141","81324.645","80731.435","80095.602","79410.961","78678.367","77906.551","77089.093","76226.238","75311.957","74346.377","73312.168","72184.533","70961.713","69632.617","68199.104","66661.411","65033.596","63327.72","61542.587","59679.435","57719.971","55662.488","53516.321","51272.903","48938.158","46516.468","44033.281","41495.355","38910.16","36285.637","33637.022","30964.872","28284.474","25564.303","22896.944","20272.406","17742.843","15340.258","13088.469","11016.181","9133.03","7446.812","5964.56","4685.373","3602.845","2710.376","1993.305","1434.012","1009.19","694.051","466.744","307.051","197.487"
"52","Estimates","World",NA,"900",NA,NA,"1","World","0","2001","100000","94539.785","93678.376","93154.566","92775.118","92476.194","92235.919","92040.404","91880.145","91746.94","91632.999","91529.997","91432.009","91333.977","91232.314","91123.392","91003.469","90869.367","90719.118","90552.646","90371.649","90176.071","89968.417","89752.083","89529.492","89303.512","89075.436","88846.213","88615.511","88381.656","88143.62","87900.06","87650.197","87393.085","87125.65","86848.423","86562.672","86267.715","85961.592","85637.605","85285.106","84904.102","84503.977","84086.03","83648.98","83187.477","82696.925","82176.499","81621.503","81029.834","80395","79712.747","78983.058","78202.454","77386.774","76525.894","75615.886","74655.221","73634.296","72535.922","71335.34","70028.544","68614.668","67093.227","65470.85","63763.602","61984.314","60131.811","58197.069","56164.473","54028.83","51800.12","49475.978","47063.351","44577.804","42035.223","39443.764","36819.277","34160.442","31492.338","28809.536","26125.392","23426.697","20798.806","18245.789","15810.754","13526.293","11405.964","9481.337","7753.833","6228.929","4907.906","3785.257","2858.904","2111.587","1525.235","1077.495","743.665","501.558","330.736","213.248"
"53","Estimates","World",NA,"900",NA,NA,"1","World","0","2002","100000","94703.486","93882.399","93380.722","93014.56","92725.467","92491.925","92301.038","92144.229","92013.579","91901.412","91799.96","91703.645","91607.571","91507.571","91400.351","91282.879","91151.262","91004.008","90839.142","90660.045","90468.209","90264.852","90052.197","89832.788","89608.417","89381.39","89152.33","88921.756","88688.977","88452.02","88209.458","87961.308","87705.628","87441.626","87167.19","86881.203","86586.514","86279.856","85959.892","85619.419","85245.579","84844.55","84421.459","83978.644","83515.887","83025.043","82503.918","81949.829","81357.235","80722.968","80040.523","79312.331","78534.716","77706.356","76845.075","75937.364","74979.751","73965.189","72881.344","71710.127","70424.785","69033.695","67528.181","65915.98","64208.217","62421.074","60565.689","58631.926","56618.758","54501.701","52279.274","49963.676","47556.788","45067.5","42511.805","39907.988","37272.481","34608.107","31919.288","29226.168","26518.438","23842.314","21184.081","18618.884","16159.534","13835.523","11680.185","9707.676","7941.308","6381.487","5030.686","3884.496","2929.209","2162.005","1558.499","1099.676","757.701","509.705","334.891","215.009"
"54","Estimates","World",NA,"900",NA,NA,"1","World","0","2003","100000","94884.548","94104.985","93626.56","93275.49","92996.381","92770.521","92585.075","92432.251","92304.801","92195.202","92095.578","92000.778","91906.227","91808.201","91702.609","91586.862","91457.584","91312.466","91150.099","90971.946","90780.844","90580.297","90370.581","90154.033","89932.121","89706.194","89478.11","89247.469","89014.537","88778.27","88536.468","88288.634","88033.538","87770.013","87498.311","87213.741","86918.163","86612.409","86292.672","85957.111","85597.095","85204.774","84781.189","84333.225","83864.702","83373.632","82852.684","82297.832","81705.077","81070.246","80389.137","79662.749","78889.343","78067.479","77196.82","76290.151","75334.345","74322.041","73242.507","72088.631","70835.084","69467.225","67986.837","66398.221","64707.876","62923.247","61063.783","59129.97","57116.731","55018.841","52817.007","50511.362","48109.191","45624.206","43066.997","40446.418","37789.654","35107.013","32405.294","29686.172","26957.675","24249.528","21596.184","18974.824","16495.695","14143.179","11948.923","9943.561","8127.922","6528.323","5134.729","3956.932","2983.43","2195.503","1582.236","1113.608","765.501","513.665","336.428","215.21"
"55","Estimates","World",NA,"900",NA,NA,"1","World","0","2004","100000","95057.868","94308.492","93844.317","93502.587","93229.338","93006.308","92822.473","92669.767","92541.584","92431.193","92331.061","92235.545","92140.195","92041.583","91936.152","91819.986","91690.916","91546.934","91385.891","91209.05","91017.705","90816.347","90608.146","90393.042","90172.419","89947.341","89718.61","89487.292","89253.172","89015.395","88773.228","88524.513","88268.54","88004.974","87732.529","87449.593","87154.845","86846.926","86527.579","86191.798","85836.467","85458.649","85045.02","84598.476","84126.627","83630.493","83111.141","82559.049","81968.999","81339.01","80660.784","79939.528","79170.729","78356.611","77496.978","76586.203","75638.491","74634.127","73565.065","72418.251","71185.535","69857.825","68409.684","66855.659","65195.407","63437.436","61587.166","59660.159","57657.892","55573.067","53396.911","51120.247","48740.179","46275.008","43737.727","41128.091","38471.503","35783.545","33072.565","30349.443","27608.482","24892.183","22221.758","19618.362","17081.858","14709.28","12474.302","10422.557","8564.486","6911.926","5474.709","4248.783","3226.677","2399.528","1741.375","1237.158","859.045","582.823","386.058","249.566"
"56","Estimates","World",NA,"900",NA,NA,"1","World","0","2005","100000","95233.022","94527.905","94086.357","93758.056","93494.842","93279.258","93100.594","92952.424","92827.755","92719.998","92622.385","92529.055","92435.644","92338.377","92234.385","92120.78","91993.895","91852.386","91694.997","91522.017","91334.853","91136.026","90930.025","90719.184","90503.114","90282.485","90057.947","89829.164","89597.388","89361.484","89120.53","88874.34","88620.687","88359.092","88089.492","87809.51","87520.721","87217.679","86899.521","86566.976","86213.167","85841.986","85444.464","85010.684","84540.059","84040.212","83517.093","82966.777","82379.265","81749.998","81075.847","80357.131","79592.992","78783.809","77929.658","77023.755","76064.791","75061.214","73994.779","72852.89","71623.448","70311.46","68896.385","67365.904","65732.519","63995.589","62164.725","60239.122","58233.324","56147.865","53973.04","51707.205","49336.866","46873.892","44334.293","41723.598","39057.356","36343.045","33606.184","30855.077","28090.322","25336.078","22633.668","19993.67","17462.255","15033.984","12780.213","10687.386","8788.734","7096.193","5616.964","4358.668","3310.836","2454.859","1779.017","1260.257","871.83","589.024","388.588","250.112"
"57","Estimates","World",NA,"900",NA,NA,"1","World","0","2006","100000","95414.721","94751.56","94332.917","94019.42","93766.3","93558.793","93386.738","93243.406","93122.864","93018.498","92923.548","92832.676","92741.619","92646.317","92543.642","92431.39","92307.074","92167.593","92012.333","91842.801","91659.108","91464.036","91259.919","91050.838","90838.563","90621.847","90401.463","90176.34","89947.153","89713.297","89473.913","89228.797","88977.789","88718.961","88452.005","88175.994","87891.001","87595.164","87283.948","86955.632","86608.735","86244.449","85858.527","85445.967","84994.966","84504.534","83985.04","83436.885","82858.251","82240.877","81576.794","80868.839","80114.913","79317.112","78474.966","77584.984","76643.015","75639.338","74581.544","73453.351","72236.579","70933.387","69540.093","68048.387","66445.993","64744.336","62940.822","61038.621","59037.79","56953.338","54783.457","52524.568","50172.809","47724.239","45189.689","42582.994","39913.214","37194.154","34435.818","31661.223","28868.995","26089.261","23348.76","20680.35","18110.851","15671.99","13346.336","11217.102","9261.35","7513.342","5977.958","4652.869","3550.088","2650.712","1933.293","1378.867","960.076","652.709","433.24","280.636"
"58","Estimates","World",NA,"900",NA,NA,"1","World","0","2007","100000","95587.337","94959.082","94559.301","94258.516","94014.434","93813.279","93646.453","93507.293","93389.923","93288.519","93195.977","93107.19","93018.01","92924.6","92823.205","92711.419","92587.887","92450.863","92297.493","92130.221","91950.385","91759.317","91559.176","91352.766","91143.103","90931.575","90715.993","90496.17","90271.168","90040.33","89803.767","89560.609","89310.701","89054.612","88790.513","88517.943","88237.325","87945.818","87642.172","87321.111","86979.381","86620.697","86240.697","85838.794","85409.278","84937.193","84426.071","83881.764","83306.119","82697.051","82043.873","81345.634","80602.284","79812.567","78981.797","78102.1","77173.22","76183.515","75122.888","74003.467","72799.773","71511.007","70126.847","68652.014","67082.917","65407.004","63634.995","61759.015","59778.769","57698.794","55526.084","53268.095","50918.128","48483.137","45955.474","43339.851","40669.394","37943.41","35169.634","32369.76","29545.377","26737.958","23966.9","21256.626","18646.873","16162.163","13822.711","11624.201","9638.482","7837.167","6246.31","4881.77","3731.843","2791.414","2043.248","1461.246","1020.291","695.37","462.747","300.671"
"59","Estimates","World",NA,"900",NA,NA,"1","World","0","2008","100000","95744.618","95143.18","94756.412","94463.419","94224.47","94025.915","93859.782","93720.765","93603.073","93500.958","93408.001","93318.889","93229.316","93135.553","93034.019","92921.844","92796.907","92658.946","92506.79","92340.513","92162.035","91974.036","91777.456","91574.56","91366.758","91157.001","90945.895","90730.018","90509.23","90282.083","90047.697","89806.759","89558.314","89302.312","89039.736","88769.18","88490.296","88201.151","87899.376","87583.609","87246.794","86889.952","86514.013","86115.379","85693.067","85240.21","84743.712","84202.887","83626.2","83014.082","82363.644","81670.14","80930.302","80145.578","79315.348","78439.418","77514.387","76531.352","75480.058","74349.289","73145.955","71863.851","70489.554","69019.286","67462.851","65816.401","64061.665","62212.139","60253.368","58184.345","56007.89","53740.242","51384.604","48946.116","46426.96","43819.352","41145.037","38414.294","35634.014","32817.419","29977.019","27147.294","24353.458","21627.013","18989.403","16479.938","14102.962","11903.668","9862.537","8039.064","6416.32","5013.07","3834.928","2863.7","2088.702","1490.143","1037.673","705.009","467.347","302.468"
"60","Estimates","World",NA,"900",NA,NA,"1","World","0","2009","100000","95880.33","95305.033","94932.505","94648.754","94417.163","94224.819","94063.784","93928.783","93814.937","93716.08","93625.974","93539.462","93452.238","93360.251","93259.883","93148.015","93022.361","92881.804","92727.403","92560.448","92380.171","92190.217","91993.788","91791.24","91584.08","91373.295","91160.926","90946.939","90727.874","90503.181","90271.623","90032.489","89785.825","89532.038","89270.121","89001.174","88724.673","88438.437","88140.804","87828.509","87498.475","87147.961","86775.922","86383.344","85967.035","85525.275","85052.489","84531.186","83962.658","83355.009","82707.868","82022.448","81291.247","80514.154","79693.112","78823.827","77906.349","76930.253","75888.816","74771.058","73561.852","72285.554","70926.447","69472.906","67925.876","66297.502","64578.683","62754.373","60823.065","58780.836","56627.611","54369.665","52014.654","49581.221","47067.634","44475.927","41808.529","39074.295","36292.772","33478.107","30625.986","27777.709","24960.375","22210.248","19544.617","16993.147","14586.823","12342.92","10282.74","8398.113","6744.837","5297.655","4067.208","3052.453","2238.09","1604.253","1122.73","767.003","511.309","332.568"
"61","Estimates","World",NA,"900",NA,NA,"1","World","0","2010","100000","96024.385","95483.612","95131.738","94862.047","94640.403","94455.656","94300.356","94169.661","94058.886","93962.806","93875.042","93790.598","93705.412","93615.675","93517.853","93409.307","93287.445","93151.135","93000.08","92838.631","92667.519","92487.044","92300.375","92108.858","91912.688","91712.781","91509.229","91303.749","91095.51","90881.108","90659.442","90429.316","90189.967","89942.599","89686.916","89423.696","89153.563","88873.639","88582.358","88277.269","87954.642","87614.473","87251.32","86865.23","86456.473","86021.449","85560.625","85063.919","84516.222","83916.512","83273.673","82591.95","81869.291","81101.936","80288.036","79426.201","78512.105","77542.271","76506.952","75397.339","74202.257","72916.678","71559.763","70122.34","68593.559","66975.112","65272.513","63480.537","61572.746","59554.836","57418.898","55171.015","52814.553","50370.792","47850.632","45257.381","42595.913","39864.009","37066.718","34235.324","31363.132","28480.943","25624.965","22831.155","20122.447","17525.396","15067.776","12777.814","10661.247","8750.703","7022.895","5537.186","4259.171","3200.043","2348.603","1684.567","1178.708","804.844","536.233","348.436"
"62","Estimates","World",NA,"900",NA,NA,"1","World","0","2011","100000","96120.346","95587.074","95244.181","94981.729","94765.582","94584.556","94432.209","94303.719","94194.544","94099.657","94013.235","93930.184","93846.483","93758.425","93662.292","93555.449","93435.267","93300.512","93150.575","92988.563","92818.329","92641.5","92458.024","92270.374","92079.446","91884.845","91687.027","91485.336","91280.847","91072.481","90856.832","90633.065","90399.884","90157.373","89906.241","89646.488","89379.223","89103.5","88816.767","88516.419","88199.23","87864.383","87509.262","87130.197","86727.295","86299.883","85846.041","85362.468","84840.251","84263.112","83630.38","82952.995","82233.249","81473.496","80668.206","79812.834","78907.278","77942.56","76913.273","75810.079","74623.972","73355.126","71991.141","70558.538","69048.894","67450.323","65756.287","63978.105","62099.924","60106.955","57998.439","55772.159","53433.67","50990.884","48464.397","45868.836","43202.324","40472.109","37676.089","34825.971","31944.228","29049.522","26168.72","23338.894","20595.623","17965.488","15471.213","13134.167","10983.198","9021.49","7274.45","5724.016","4421.893","3331.432","2449.273","1759.43","1232.958","842.743","562.129","365.838"
"63","Estimates","World",NA,"900",NA,NA,"1","World","0","2012","100000","96305.735","95814.513","95491.937","95243.91","95039.04","94867.02","94721.714","94598.849","94494.439","94403.492","94320.404","94240.63","94159.992","94074.599","93980.962","93876.084","93757.523","93624.12","93475.221","93313.502","93141.956","92964.9","92783.578","92598.155","92409.664","92218.721","92024.508","91826.86","91624.758","91419.044","91208.408","90989.688","90762.015","90524.438","90276.867","90020.434","89755.421","89481.77","89198.423","88902.057","88589.397","88259.521","87909.791","87538.805","87143.206","86720.859","86273.897","85797.204","85287.893","84736.249","84124.378","83456.077","82740.979","81983.782","81184.58","80335.69","79435.055","78476.787","77450.644","76353.08","75173.769","73911.974","72565.181","71123.874","69619.246","68040.058","66367.401","64593.971","62728.242","60760.385","58670.241","56469.625","54151.148","51722.731","49197.011","46592.637","43927.803","41190.161","38393.841","35535.489","32634.421","29716.709","26805.825","23937.567","21147.113","18469.014","15923.401","13534.36","11323.865","9319.822","7517.516","5940.409","4577.008","3458.677","2544.706","1827.499","1279.863","873.696","581.421","377.498"
"64","Estimates","World",NA,"900",NA,NA,"1","World","0","2013","100000","96411.644","95945.951","95635.606","95396.084","95198.455","95032.378","94891.695","94772.339","94670.672","94582.006","94501.061","94423.184","94344.502","94261.024","94169.15","94065.916","93948.766","93816.459","93668.788","93508.089","93337.034","93158.892","92978.155","92795.591","92609.877","92422.216","92232.495","92039.464","91842.273","91639.5","91431.638","91218.307","90995.975","90763.649","90520.969","90267.839","90006.182","89735.172","89454.051","89160.906","88851.715","88525.905","88180.022","87813.145","87424.675","87008.997","86565.255","86094.236","85590.564","85049.471","84461.801","83812.378","83104.134","82347.466","81546.624","80702.633","79807.487","78852.856","77833.564","76740.588","75567.212","74311.479","72972.596","71551.891","70037.995","68463.332","66809.493","65060.438","63202.841","61249.4","59187.472","57005.356","54713.383","52306.608","49801.455","47204.826","44537.078","41807.529","39011.046","36164.264","33262.364","30334.161","27405.699","24521.931","21707.52","18995.25","16415.002","13988.908","11737.754","9681.022","7834.606","6210.878","4814.586","3634.48","2696.285","1945.288","1368.868","939.597","628.842","410.312"
"65","Estimates","World",NA,"900",NA,NA,"1","World","0","2014","100000","96515.565","96060.685","95757.976","95522.487","95328.197","95165.246","95027.114","94909.64","94809.313","94721.701","94641.739","94564.768","94486.871","94404.324","94313.259","94210.64","94093.931","93961.901","93813.967","93652.715","93480.998","93301.614","93118.053","92934.052","92749.59","92562.895","92375.061","92184.919","91990.632","91791","91584.537","91372.31","91153.429","90924.703","90685.386","90435.413","90175.271","89905.377","89624.288","89330.818","89023.211","88698.653","88355.638","87991.943","87606.11","87197.059","86760.068","86292.597","85793.704","85258.241","84680.797","84053.625","83362.855","82610.926","81808.633","80960.873","80068.167","79117.93","78102.475","77016.597","75847.738","74596.403","73260.868","71845.549","70351.053","68765.063","67117.935","65389.253","63554.32","61607.418","59559.074","57405.76","55131.57","52754.132","50272.134","47698.997","45040.56","42312.862","39527.577","36683.893","33792.433","30870.863","27941.571","25050.604","22220.266","19490.372","16885.128","14430.491","12145.998","10050.875","8166.657","6500.536","5057.943","3845.652","2848.878","2061.634","1454.739","1001.051","671.857","439.598"
"66","Estimates","World",NA,"900",NA,NA,"1","World","0","2015","100000","96595.276","96155.388","95862.434","95633.989","95443.661","95283.725","95148.201","95033.002","94934.208","94847.805","94768.872","94692.994","94616.229","94534.684","94444.878","94343.412","94227.829","94096.793","93949.89","93789.392","93618.423","93439.66","93256.466","93071.458","92887.044","92702.953","92517.213","92329.579","92139.289","91943.545","91741.793","91532.316","91316.188","91092.842","90858.863","90614.156","90358.496","90091.106","89812.788","89521.343","89215.276","88894.034","88554.098","88194.553","87813.244","87408.702","86979.741","86519.994","86027.26","85498.032","84927.08","84311.841","83644.575","82911.45","82114.511","81264.889","80367.525","79420.05","78409.569","77327.662","76165.509","74918.695","73587.99","72172.323","70678.622","69109.584","67443.058","65712.415","63894.854","61965.601","59914.724","57765.235","55514.338","53145.145","50677.767","48118.386","45468.842","42735.907","39940.402","37091.409","34186.419","31255.145","28317.12","25402.662","22553.129","19794.137","17157.206","14665.22","12345.892","10222.027","8297.505","6595.431","5128.39","3889.362","2881.549","2080.806","1465.019","1005.613","673.021","439.037"
"67","Estimates","World",NA,"900",NA,NA,"1","World","0","2016","100000","96698.957","96275.295","95991.532","95770.402","95586.114","95429.911","95297.469","95184.978","95088.493","95004.097","94926.796","94852.529","94777.438","94697.474","94609.007","94509.017","94394.727","94264.565","94118.104","93957.741","93786.5","93607.373","93423.844","93237.996","93051.495","92866.32","92682.188","92495.445","92306.383","92113.999","91915.274","91709.415","91494.73","91273.193","91043.435","90803.089","90551.793","90288.034","90011.579","89721.908","89416.668","89095.864","88758.429","88400.446","88021.791","87621.277","87196.647","86744.896","86258.678","85734.838","85169.88","84561.035","83903.988","83193.923","82415.35","81569.818","80669.003","79716.208","78709.625","77631.208","76473.743","75233.518","73905.331","72492.923","71000.078","69429.098","67780.98","66032.267","64213.77","62303.284","60278.095","58130.1","55887.469","53546.265","51094.156","48553.258","45922.42","43206.386","40414.018","37561.066","34664.886","31737.042","28801.257","25889.06","23029.151","20260.011","17603.331","15089.005","12741.141","10580.444","8622.389","6887.332","5379.255","4103.759","3055.065","2218.07","1569.526","1083.169","729.165","478.922"
"68","Estimates","World",NA,"900",NA,NA,"1","World","0","2017","100000","96776.688","96364.604","96088.076","95871.742","95691.761","95539.099","95408.707","95297.818","95202.853","95119.676","95043.392","94970.014","94895.708","94816.721","94729.043","94629.621","94516.154","94387.274","94241.723","94082.188","93911.592","93733.294","93550.319","93365.041","93178.62","92992.218","92807.706","92623.315","92435.98","92245.812","92050.988","91848.939","91638.086","91418.496","91191.208","90956.175","90709.662","90451.113","90179.416","89892.456","89589.78","89270.859","88934.545","88579.912","88204.931","87807.127","87386.584","86939.095","86461.691","85945.319","85385.81","84781.034","84127.837","83426.275","82671.28","81846.181","80951.348","79998.372","78988.316","77914.473","76761.04","75522.361","74196.929","72780.55","71283.32","69707.806","68052.433","66312.994","64466.876","62548.676","60534.051","58398.359","56143.303","53792.576","51352.282","48813.243","46187.221","43474.301","40680.286","37813.052","34896.926","31951.718","28997.777","26066.41","23185.771","20390.342","17713.717","15174.295","12804.321","10620.333","8647.093","6897.174","5374.948","4093.67","3044.155","2205.112","1555.552","1069.658","717.934","470.196"
"69","Estimates","World",NA,"900",NA,NA,"1","World","0","2018","100000","96834.673","96450.659","96189.118","95982.935","95810.719","95665.12","95540.803","95434.42","95343.489","95263.932","95191.159","95121.019","95049.81","94974.06","94889.784","94793.884","94684.291","94559.76","94419.31","94265.297","94100.667","93927.811","93750.302","93570.359","93388.761","93206.589","93024.413","92843.367","92661.798","92476.648","92287.083","92092.168","91889.315","91677.377","91455.582","91225.056","90986.301","90734.611","90468.81","90187.296","89888.45","89573.327","89239.921","88888.552","88518.007","88125.74","87711.325","87272.02","86802.624","86298.153","85749.617","85154.444","84511.071","83818.359","83076.389","82278.534","81404.446","80454.49","79441.29","78366.348","77222.497","75994.665","74678.391","73274.643","71785.562","70216.194","68566.315","66832.468","65011.17","63076.739","61068.253","58960.921","56737.664","54398.886","51970.905","49458.571","46847.005","44151.619","41373.539","38518.565","35599.427","32648.075","29694.06","26755.718","23864.848","21049.492","18335.771","15761.836","13344.571","11111.137","9083.767","7283.78","5714.502","4375.895","3270.561","2384.594","1693.776","1171.739","790.478","520.734"
"70","Estimates","World",NA,"900",NA,NA,"1","World","0","2019","100000","96890.308","96515.223","96261.409","96060.553","95892.016","95749.098","95627.414","95523.395","95433.973","95355.943","95284.781","95216.258","95146.83","95072.737","94990.3","94896.242","94788.321","94665.346","94527.01","94375.166","94212.283","94041.397","93865.768","93687.484","93507.628","93326.945","93145.724","92964.144","92782.908","92600.361","92412.898","92220.492","92021.579","91814.176","91597.135","91369.761","91133.56","90887.509","90627.343","90351.519","90056.945","89745.016","89414.494","89064.908","88696.155","88307.275","87896.755","87461.988","86998.246","86499.916","85961.4","85374.389","84736.583","84050.85","83314.567","82528.027","81682.677","80756.281","79750.357","78673.17","77527.822","76307.586","74998.33","73600.177","72117.695","70548.22","68894.686","67159.726","65337.653","63424.466","61392.854","59289.412","57090.535","54780.851","52357.239","49851.86","47267.307","44586.808","41826.232","38984.799","36076.669","33122.885","30161.042","27218.647","24313.162","21480.713","18751.499","16148.216","13707.498","11447.734","9394.154","7561.119","5958.887","4588.177","3447.91","2529.166","1809.062","1261.081","856.767","568.248"
"71","Estimates","World",NA,"900",NA,NA,"1","World","0","2020","100000","96928.965","96569.533","96319.965","96124.069","95960.493","95822.069","95704.538","95604.443","95518.247","95442.335","95373.092","95306.748","95239.828","95168.618","95089.687","95000.079","94896.904","94778.671","94644.72","94497.775","94340.231","94174.185","94003.106","93829.55","93656.404","93484.594","93314.104","93142.82","92969.143","92793.408","92613.63","92426.992","92232.813","92029.795","91815.804","91589.999","91351.348","91100.502","90837.303","90555.174","90252.072","89926.858","89578.636","89207.247","88812.744","88394.852","87954.601","87487.634","86988.99","86455.036","85876.281","85248.853","84563.167","83818.618","83017.415","82157.166","81238.431","80249.924","79157.871","77965.429","76688.28","75329.091","73885.827","72342.487","70700.521","68964.656","67130.867","65212.886","63208.713","61120.594","58947.319","56672.962","54338.101","51925.659","49402.886","46784.798","44111.42","41384.521","38585.66","35748.006","32862.384","29956.266","27054.854","24192.315","21392.081","18673.487","16078.254","13630.639","11365.765","9322.137","7495.979","5901.861","4540.347","3408.164","2491.057","1771.117","1224.457","823.023","537.339","340.397"
"72","Estimates","World",NA,"900",NA,NA,"1","World","0","2021","100000","96959.915","96604.979","96358.034","96163.378","96002.51","95866.022","95749.525","95650.148","95564.797","95489.733","95420.963","95355.162","95288.924","95218.27","95139.571","95049.56","94945.747","94826.222","94690.454","94540.476","94379.877","94210.271","94034.402","93855.002","93671.938","93485.634","93296.692","93104.552","92908.872","92709.058","92505.696","92296.477","92077.492","91848.296","91607.302","91351.525","91080.528","90792.467","90488.536","90166.185","89819.021","89445.042","89042.908","88612.192","88155.112","87671.621","87162.079","86627.241","86059.962","85454.575","84804.373","84102.062","83343.789","82521.408","81633.195","80686.928","79679.325","78613.051","77469.781","76210.173","74839.048","73381.576","71843.272","70224.994","68514.008","66707.634","64814.574","62829.426","60760.651","58604.98","56356.574","54028.604","51606.894","49149.795","46626.612","44022.446","41353.825","38653.569","35919.392","33141.441","30339.939","27536.759","24759.892","22038.438","19410.949","16904.699","14530.071","12309.717","10257.464","8401.761","6757.893","5320.936","4096.202","3073.002","2248.399","1598.007","1101.501","736.251","476.997","299.026"
"73","Estimates","World",NA,"900",NA,NA,"1","World","0","2022","100000","96977.216","96611.998","96361.114","96164.261","96001.406","95864.561","95747.376","95646.884","95560.533","95485.017","95416.181","95350.214","95284.08","95213.793","95135.077","95043.982","94937.91","94815.795","94677.22","94524.704","94361.468","94190.257","94014.081","93835.084","93654.471","93472.294","93288.741","93103.965","92917.267","92727.963","92535.338","92340.032","92140.213","91932.752","91717.24","91492.809","91257.121","91008.684","90745.525","90468.443","90174.933","89860.762","89524.361","89166.257","88785.836","88384.539","87962.976","87519.791","87051.829","86551.549","86012.527","85426.508","84789.806","84101.751","83356.399","82553.461","81698.311","80786.959","79814.948","78762.043","77606.317","76346.983","74997.471","73564.03","72051.007","70451.186","68762.979","66992.283","65129.134","63172.902","61118.477","58967.251","56727.334","54376.919","51967.201","49471.877","46890.72","44213.11","41470.076","38649.09","35742.828","32788.204","29817.528","26855.041","23916.305","21062.078","18310.827","15687.887","13220.046","10943.557","8887.969","7062.808","5483.95","4147.777","3053.608","2184.156","1513.859","1015.366","658.841","413.173"
"74","Estimates","World",NA,"900",NA,NA,"1","World","0","2023","100000","97067.964","96725.957","96489.102","96301.4","96144.217","96011.058","95898.171","95801.509","95718.404","95645.906","95580.102","95517.02","95453.303","95385.466","95309.773","95222.71","95121.825","95005.8","94874.175","94729.22","94573.577","94410.113","94242.52","94072.167","93899.559","93725.813","93550.835","93374.231","93195.407","93013.636","92827.7","92637.425","92443.532","92244.949","92038.319","91823.593","91599.528","91363.424","91113.268","90846.717","90563.325","90264.288","89943.877","89602.08","89238.019","88851.273","88444.172","88014.918","87560.91","87077.273","86555.117","85988.587","85372.989","84705.338","83984.187","83205.876","82369.01","81478.51","80528.464","79507.356","78404.002","77197.977","75891.87","74497.627","73019.518","71459.668","69809.01","68070.431","66242.609","64311.827","62279.88","60151.125","57927.73","55623.024","53200.638","50719.773","48164.392","45498.187","42730.183","39886.493","36967.788","33977.1","30955.888","27938.684","24939.453","22008.014","19181.174","16479.379","13940.353","11585.31","9453.754","7566.009","5923.457","4526.974","3374.689","2451.308","1734.268","1193.399","798.247","519.656"
